{"layer_sizes": [784, 256, 128, 10], "activations": ["relu", "relu", "softmax"], "train_losses": [0.14946382390289387, 0.09051952252570238, 0.06831022729995688, 0.048440007250714956, 0.041199909309035464, 0.03171133385789708, 0.02630877510210291, 0.02664279407883751, 0.02244625070122632, 0.019882377140847556, 0.023553458575109945, 0.016235803435739337, 0.01854656666120688, 0.012024875603788161, 0.011353231307485149, 0.014014247520128153, 0.011449776768002786, 0.010864718756356124, 0.010101861345290014, 0.009872326146926687], "val_losses": [0.14568832263633424, 0.10098452603080044, 0.08921630697416415, 0.08067922311174427, 0.07560924696364063, 0.07123586797095341, 0.06979573426665402, 0.07599038562882195, 0.0751524753826701, 0.06874815471723651, 0.08314761105342941, 0.06422122489535016, 0.07208877513946099, 0.06471781771483391, 0.069679901651095, 0.07148815521830218, 0.07200868144930546, 0.06944717943949041, 0.06615229599840146, 0.0743400981572333], "train_accs": [0.95552, 0.9734, 0.98012, 0.98602, 0.98838, 0.99112, 0.99256, 0.9921, 0.99358, 0.99474, 0.99274, 0.99516, 0.99434, 0.99702, 0.99712, 0.99586, 0.99686, 0.99688, 0.9973, 0.99708], "val_accs": [0.9583, 0.9702, 0.9748, 0.9768, 0.9771, 0.9791, 0.9786, 0.9769, 0.9781, 0.9796, 0.976, 0.9814, 0.9789, 0.9832, 0.9808, 0.9803, 0.9806, 0.9813, 0.9824, 0.9798]}